{
	"class_name" : "PinholeCameraParameters",
	"extrinsic" : 
	[
		-0.31966355443960431,
		-0.28528526561256412,
		0.90356379364569883,
		0.0,
		-0.94279156498308558,
		0.19102327083359635,
		-0.27322916205408782,
		0.0,
		-0.094653457199315325,
		-0.93921372819204652,
		-0.33002771976883116,
		0.0,
		6382499.6242066072,
		-1106245.5297096369,
		1317770.6547065531,
		1.0
	],
	"intrinsic" : 
	{
		"height" : 1055,
		"intrinsic_matrix" : 
		[
			913.65680099258282,
			0.0,
			0.0,
			0.0,
			913.65680099258282,
			0.0,
			959.5,
			527.0,
			1.0
		],
		"width" : 1920
	},
	"version_major" : 1,
	"version_minor" : 0
}