{
	"class_name" : "PinholeCameraParameters",
	"extrinsic" : 
	[
		0.94513078952641272,
		0.21700016114794968,
		-0.24421040262639021,
		0.0,
		0.31212216311596752,
		-0.37903798227226099,
		0.87115438544886104,
		0.0,
		0.096475623765742466,
		-0.89957831124184917,
		-0.42597102713949203,
		0.0,
		-0.030843988291752195,
		-0.0031643669213662351,
		1.4318484584521316,
		1.0
	],
	"intrinsic" : 
	{
		"height" : 600,
		"intrinsic_matrix" : 
		[
			519.6152422706632,
			0.0,
			0.0,
			0.0,
			519.6152422706632,
			0.0,
			399.5,
			299.5,
			1.0
		],
		"width" : 800
	},
	"version_major" : 1,
	"version_minor" : 0
}