{
	"class_name" : "PinholeCameraParameters",
	"extrinsic" : 
	[
		0.97451639830180525,
		0.055749666825342714,
		0.21727808009493421,
		0.0,
		-0.17297749802263213,
		-0.42993190892668776,
		0.88613618528106874,
		0.0,
		0.14281657683444057,
		-0.90113846235499095,
		-0.40933225751921243,
		0.0,
		616724.12761415821,
		2799529.3240368352,
		-5947805.2207797365,
		1.0
	],
	"intrinsic" : 
	{
		"height" : 1055,
		"intrinsic_matrix" : 
		[
			913.65680099258282,
			0.0,
			0.0,
			0.0,
			913.65680099258282,
			0.0,
			959.5,
			527.0,
			1.0
		],
		"width" : 1920
	},
	"version_major" : 1,
	"version_minor" : 0
}