{
	"class_name" : "PinholeCameraParameters",
	"extrinsic" : 
	[
		0.82226376346278063,
		0.56888225347577959,
		0.015977639886520806,
		0.0,
		0.56518676664390655,
		-0.81956783001502298,
		0.094193900094819608,
		0.0,
		0.066679997800170754,
		-0.06842188016114012,
		-0.9954256497642523,
		0.0,
		-4163541.0924217431,
		5094722.3594103418,
		-629047.41195547709,
		1.0
	],
	"intrinsic" : 
	{
		"height" : 1055,
		"intrinsic_matrix" : 
		[
			913.65680099258282,
			0.0,
			0.0,
			0.0,
			913.65680099258282,
			0.0,
			959.5,
			527.0,
			1.0
		],
		"width" : 1920
	},
	"version_major" : 1,
	"version_minor" : 0
}