{
	"class_name" : "PinholeCameraParameters",
	"extrinsic" : 
	[
		0.6632214822064304,
		0.046434470222014912,
		-0.74698132875936496,
		0.0,
		0.72660729085989828,
		-0.27917150730426954,
		0.62777791804005156,
		0.0,
		-0.17938536843662872,
		-0.95911788091175909,
		-0.2188921654746738,
		0.0,
		-5140259.9058856256,
		1814726.7678494032,
		-3738989.8467774177,
		1.0
	],
	"intrinsic" : 
	{
		"height" : 1055,
		"intrinsic_matrix" : 
		[
			913.65680099258282,
			0.0,
			0.0,
			0.0,
			913.65680099258282,
			0.0,
			959.5,
			527.0,
			1.0
		],
		"width" : 1920
	},
	"version_major" : 1,
	"version_minor" : 0
}