{
	"class_name" : "PinholeCameraParameters",
	"extrinsic" : 
	[
		0.96115297257168897,
		0.089529813518921461,
		0.26109265751428784,
		0.0,
		-0.21558827966769634,
		-0.34717043337239839,
		0.91268526002228412,
		0.0,
		0.17235619219084991,
		-0.93351866756015567,
		-0.3143823155493683,
		0.0,
		904291.82144585741,
		2236806.9479002454,
		-6145977.4012291152,
		1.0
	],
	"intrinsic" : 
	{
		"height" : 1055,
		"intrinsic_matrix" : 
		[
			913.65680099258282,
			0.0,
			0.0,
			0.0,
			913.65680099258282,
			0.0,
			959.5,
			527.0,
			1.0
		],
		"width" : 1920
	},
	"version_major" : 1,
	"version_minor" : 0
}