{
	"class_name" : "PinholeCameraParameters",
	"extrinsic" : 
	[
		0.9615466303537813,
		0.051689439865891723,
		0.26973371954881553,
		0.0,
		-0.15130071500764006,
		-0.71995905474066135,
		0.67732344794426724,
		0.0,
		0.22920770339032145,
		-0.69208898365982108,
		-0.68445355386852258,
		0.0,
		0.079349097761658188,
		-0.025266931601884868,
		1.208352570761706,
		1.0
	],
	"intrinsic" : 
	{
		"height" : 600,
		"intrinsic_matrix" : 
		[
			519.6152422706632,
			0.0,
			0.0,
			0.0,
			519.6152422706632,
			0.0,
			399.5,
			299.5,
			1.0
		],
		"width" : 800
	},
	"version_major" : 1,
	"version_minor" : 0
}