{
	"class_name" : "PinholeCameraParameters",
	"extrinsic" : 
	[
		0.9060074574390653,
		0.12723135817941639,
		0.40368634923740165,
		0.0,
		-0.26228471593538283,
		-0.57979525591655778,
		0.77139107397178819,
		0.0,
		0.33220056419502947,
		-0.8047668250570934,
		-0.49192798501003154,
		0.0,
		0.008560032720306171,
		-0.022428460915469239,
		1.4749398441141315,
		1.0
	],
	"intrinsic" : 
	{
		"height" : 600,
		"intrinsic_matrix" : 
		[
			519.6152422706632,
			0.0,
			0.0,
			0.0,
			519.6152422706632,
			0.0,
			399.5,
			299.5,
			1.0
		],
		"width" : 800
	},
	"version_major" : 1,
	"version_minor" : 0
}