{
	"class_name" : "PinholeCameraParameters",
	"extrinsic" : 
	[
		0.89131282180035032,
		-0.020591124894224738,
		0.45292102983841181,
		0.0,
		-0.39253447569453953,
		-0.53495709881081588,
		0.74815612529947784,
		0.0,
		0.22688794389634295,
		-0.84462826616654585,
		-0.48489684769751235,
		0.0,
		2105571.9559544199,
		3534847.8542236048,
		-5171945.5210492918,
		1.0
	],
	"intrinsic" : 
	{
		"height" : 1055,
		"intrinsic_matrix" : 
		[
			913.65680099258282,
			0.0,
			0.0,
			0.0,
			913.65680099258282,
			0.0,
			959.5,
			527.0,
			1.0
		],
		"width" : 1920
	},
	"version_major" : 1,
	"version_minor" : 0
}