{
	"class_name" : "PinholeCameraParameters",
	"extrinsic" : 
	[
		-0.44112880191355464,
		-0.44349619799400836,
		0.78020285983016691,
		0.0,
		-0.88920233930537496,
		0.09844606013169456,
		-0.44679701545376915,
		0.0,
		0.12134487997505615,
		-0.89085324021940127,
		-0.43778524928831608,
		0.0,
		6094881.9223855175,
		-409452.94112059858,
		2522711.1669129091,
		1.0
	],
	"intrinsic" : 
	{
		"height" : 1055,
		"intrinsic_matrix" : 
		[
			913.65680099258282,
			0.0,
			0.0,
			0.0,
			913.65680099258282,
			0.0,
			959.5,
			527.0,
			1.0
		],
		"width" : 1920
	},
	"version_major" : 1,
	"version_minor" : 0
}