{
	"class_name" : "PinholeCameraParameters",
	"extrinsic" : 
	[
		0.97952882513254114,
		0.2012809641745138,
		-0.0030420709133676411,
		0.0,
		0.18699735461714323,
		-0.90421495266149488,
		0.38396263978356171,
		0.0,
		0.074533684335703204,
		-0.37667133265533881,
		-0.92334361808321219,
		0.0,
		-1771682.0903615879,
		5853020.8518577367,
		-2530634.693580308,
		1.0
	],
	"intrinsic" : 
	{
		"height" : 1055,
		"intrinsic_matrix" : 
		[
			913.65680099258282,
			0.0,
			0.0,
			0.0,
			913.65680099258282,
			0.0,
			959.5,
			527.0,
			1.0
		],
		"width" : 1920
	},
	"version_major" : 1,
	"version_minor" : 0
}