{
	"class_name" : "PinholeCameraParameters",
	"extrinsic" : 
	[
		0.80562162225789902,
		-0.22847342707363183,
		0.54660195286129465,
		0.0,
		-0.56714151929587164,
		-0.56412135501492267,
		0.60009798692121785,
		0.0,
		0.1712433906500383,
		-0.79345257573301597,
		-0.58404512772672024,
		0.0,
		-0.0030686420947992898,
		0.0048081619433121281,
		1.2218289106279954,
		1.0
	],
	"intrinsic" : 
	{
		"height" : 600,
		"intrinsic_matrix" : 
		[
			519.6152422706632,
			0.0,
			0.0,
			0.0,
			519.6152422706632,
			0.0,
			399.5,
			299.5,
			1.0
		],
		"width" : 800
	},
	"version_major" : 1,
	"version_minor" : 0
}