{
	"class_name" : "PinholeCameraParameters",
	"extrinsic" : 
	[
		0.88438241447237087,
		0.40049423943610629,
		-0.2397334126702293,
		0.0,
		0.46051761025220683,
		-0.83240673016004074,
		0.30825730523681977,
		0.0,
		-0.076100431139489444,
		-0.3830187981845854,
		-0.92060052390687885,
		0.0,
		0.0039851561651990802,
		0.047516153495560098,
		1.4666710453704821,
		1.0
	],
	"intrinsic" : 
	{
		"height" : 600,
		"intrinsic_matrix" : 
		[
			519.6152422706632,
			0.0,
			0.0,
			0.0,
			519.6152422706632,
			0.0,
			399.5,
			299.5,
			1.0
		],
		"width" : 800
	},
	"version_major" : 1,
	"version_minor" : 0
}