{
	"class_name" : "PinholeCameraParameters",
	"extrinsic" : 
	[
		0.92045269579745115,
		0.38852547271934978,
		-0.042600373794260918,
		0.0,
		0.31373435523075699,
		-0.66943285524360707,
		0.67337241305857876,
		0.0,
		0.23310424523621653,
		-0.63317265368033515,
		-0.73807506493869324,
		0.0,
		-2575093.5435196916,
		4201428.7613720261,
		-4417496.6338578388,
		1.0
	],
	"intrinsic" : 
	{
		"height" : 1055,
		"intrinsic_matrix" : 
		[
			913.65680099258282,
			0.0,
			0.0,
			0.0,
			913.65680099258282,
			0.0,
			959.5,
			527.0,
			1.0
		],
		"width" : 1920
	},
	"version_major" : 1,
	"version_minor" : 0
}