{
	"class_name" : "PinholeCameraParameters",
	"extrinsic" : 
	[
		0.85718724107558553,
		0.0052649383338876079,
		0.51497797444314708,
		0.0,
		-0.47057897235351909,
		-0.3982779714778224,
		0.78735639212126618,
		0.0,
		0.20924976586828517,
		-0.91724965950380777,
		-0.33892122628158983,
		0.0,
		2643347.4855601108,
		2621557.7306177672,
		-5462882.1228525471,
		1.0
	],
	"intrinsic" : 
	{
		"height" : 1055,
		"intrinsic_matrix" : 
		[
			913.65680099258282,
			0.0,
			0.0,
			0.0,
			913.65680099258282,
			0.0,
			959.5,
			527.0,
			1.0
		],
		"width" : 1920
	},
	"version_major" : 1,
	"version_minor" : 0
}